,id,text,created_at,user,username,user_id,user_location,user_followers,user_following,user_verified,user_tweets_count,user_created_at
0,1540547561601511424,RT @Coredao_Org: Bitcoin will play a very important role in the societal structure of this digital city. People know that Bitcoin is not on‚Ä¶,Sat Jun 25 04:08:55 +0000 2022,ÏßÑÏö∞ÌÉú,jinwootae2412,1388363038697295876,,15,183,False,401,Sat May 01 05:22:28 +0000 2021
1,1540547560351453184,RT @BigSeanHarris: The correct method to smash buy #bitcoin when it dips üòÇ   https://t.co/AJxE4jiEUF,Sat Jun 25 04:08:55 +0000 2022,Sandy Davis,DmanCrypto86,1377985407376367619,"Fayetteville, NC",6,34,False,12,Fri Apr 02 14:05:36 +0000 2021
2,1540547555821760512,@RicherDadBlog Mr Bitcoin,Sat Jun 25 04:08:53 +0000 2022,tweety Bird,tweetyB98517943,979321056560168960,,11,130,False,4763,Thu Mar 29 11:35:09 +0000 2018
3,1540547554013696000,RT @turaxtoken: Take part info  our #Airdrop  Our listing i≈ü coming soon. In July! Get ahead of everyone and earn some tokens. #Turax #Cryp‚Ä¶,Sat Jun 25 04:08:53 +0000 2022,EM üå±üöÄ,kxjen016,1343064293198065664,Manifesting;,117,4332,False,71662,Sun Dec 27 05:21:04 +0000 2020
4,1540547553011302400,"RT @simplykashif: Many believe that Bitcoin is valuable because it has a limited supply of 21 million.  No, that does not make Bitcoin valu‚Ä¶",Sat Jun 25 04:08:53 +0000 2022,Asharib Ali,Asharib_4,1483781769727987713,,1840,194,False,8479,Wed Jan 19 12:42:08 +0000 2022
5,1540547548800221184,"RT @avalancheavax: Good Bridging üî∫  Now that the Avalanche Bridge has added native support for Bitcoin, this technical overview breaks down‚Ä¶",Sat Jun 25 04:08:52 +0000 2022,Star_Hamzatüî∫,Hamzatgodfirst,125518002,Apomu,453,290,False,1798,Tue Mar 23 01:58:00 +0000 2010
6,1540547533021274112,@zekekyle76 @Daniell71251047 @cameron You can‚Äôt kill something that‚Äôs not alive buddy,Sat Jun 25 04:08:48 +0000 2022,Harry Potter,Bitcoin_Potter,1363199891745497090,Hogwarts,246,695,False,3083,Sat Feb 20 18:52:45 +0000 2021
7,1540547530215358465,RT @CryptoWhale: BREAKING: Iran announces they‚Äôre restricting #Bitcoin mining by cutting off electricity amid high energy consumption.   El‚Ä¶,Sat Jun 25 04:08:47 +0000 2022,SAUVANETüá´üá∑üá∫üá¶ –ø–µ—Ä–µ–º–æ–≥–∞ –¥–ª—è –£–∫—Ä–∞—ó–Ω–∏ !üá∫üá¶üá´üá∑,SAUVANE83406542,1332933508893868032,,30,396,False,4758,Sun Nov 29 06:29:06 +0000 2020
8,1540547522367819776,RT @sunnydecree: The #Bitcoin network is the world‚Äôs most powerful lie detector. No wonder banks hate it.,Sat Jun 25 04:08:45 +0000 2022,*NormalGamer*,ng_480,3436343369,,1795,5000,False,135121,Sun Aug 23 05:05:37 +0000 2015
9,1540547513215860737,"@CryptoWhale If you listened ten years ago and you bought bitcoin at $8 and HODL‚Äôd, then the recent drop to $21,000‚Ä¶ https://t.co/edMUgCvw28",Sat Jun 25 04:08:43 +0000 2022,Orod57,pampit57,1508638091963154432,"Miami, FL",78,181,False,525,Tue Mar 29 02:52:17 +0000 2022
10,1540547511646969856,RT @SocialGood_Inc: üèñÔ∏è Win $100 in $BTC üèñÔ∏è Follow   RT this for a chance to win a cool $100 worth of #Bitcoin !! ü§© We'll tag the lucky 32nd‚Ä¶,Sat Jun 25 04:08:43 +0000 2022,Ilaas,Ilaas91,1496168699589316611,,46,515,False,1063,Tue Feb 22 17:03:19 +0000 2022
11,1540547506144256001,RT @BTC_Archive: #Bitcoin HODLers üí™ https://t.co/l2o7dZkMgY,Sat Jun 25 04:08:42 +0000 2022,Ismael Larin ‚ö°‚Çø,Eliezer_Larin,334284865,San Salvador,184,471,False,4638,Tue Jul 12 21:18:33 +0000 2011
12,1540547488528179207,"@slater_exp @TheGRM1 @DannyDeVito ""FACTS and LOGIC"" says the bitcoin bro",Sat Jun 25 04:08:37 +0000 2022,ChrisZack,Chriszik2,1332127482720493568,,28,212,False,915,Fri Nov 27 01:02:07 +0000 2020
13,1540547487605596170,RT @TheBlock__: ICYMI: Avalanche introduces Bitcoin bridge as Core wallet feature https://t.co/L5L6lr6HIW,Sat Jun 25 04:08:37 +0000 2022,Evolution.avax üî∫,EvolutionAvax,483914622,Moon,953,2354,False,1844,Sun Feb 05 14:42:27 +0000 2012
14,1540547484770000897,"RT @BTC_Archive: üí•UK: #Bitcoin and crypto could ""make financial systems more transparent and reduce crime"" - Government Minister,  Matt Han‚Ä¶",Sat Jun 25 04:08:37 +0000 2022,Asharib Ali,Asharib_4,1483781769727987713,,1840,194,False,8479,Wed Jan 19 12:42:08 +0000 2022
15,1540547477618688000,"@GoldLeader89 IF you don‚Äôt know where the yield come from, YOU ARE THE YIELD !! https://t.co/6BJXgXOMV0",Sat Jun 25 04:08:35 +0000 2022,‚Çø Minion ( Alvaro ) ‚ö°Ô∏è,bitcoin_minion,752679114700578816,,666,343,False,3153,Tue Jul 12 01:41:00 +0000 2016
16,1540547474972061696,RT @JoeCarlasare: People waiting for 10k #Bitcoin remind me of people waiting for 1k #Bitcoin in 2018.,Sat Jun 25 04:08:34 +0000 2022,alexander leonenko,aleXLeonenko,258513755,,6,28,False,150,Sun Feb 27 22:10:12 +0000 2011
17,1540547474078797826,#Bitcoin Last Price $21269 #BTC üöÄ Daily Indicators: ‚Ä¢Variation since 00h00(UTC): +0.15% ‚Ä¢MACD:  -MACD Line: -2506‚Ä¶ https://t.co/YjMHNLK0q5,Sat Jun 25 04:08:34 +0000 2022,Live Price Crypto,LivePriceCrypto,1501922448324927500,,2209,3,False,130787,Thu Mar 10 14:06:46 +0000 2022
18,1540547473449566208,RT @TheBlock__: ICYMI: Avalanche introduces Bitcoin bridge as Core wallet feature https://t.co/L5L6lr6HIW,Sat Jun 25 04:08:34 +0000 2022,Gem‚àÄüî∫,TrinaGonzlez2,1463220844109434899,,372,458,False,1623,Tue Nov 23 19:00:43 +0000 2021
19,1540547442910830593,"RT @BTCTN: #XRP, #AVAX near multi-week highs, following Friday's flurry. https://t.co/ui4WPBDi0s",Sat Jun 25 04:08:27 +0000 2022,Charlevi,BigMcDarby,1362962145906995205,,300,138,False,3211,Sat Feb 20 03:07:59 +0000 2021
20,1540547441489055745,@jordanfried But Bitcoin is down 32% since last year and CPI is up ~9%. Hasn‚Äôt purchasing power of the dollar far o‚Ä¶ https://t.co/qtGuD5v7PG,Sat Jun 25 04:08:26 +0000 2022,Lock The Pick,LockThePickMMA,1267802531679408129,,352,1016,False,1844,Tue Jun 02 12:57:47 +0000 2020
21,1540547438129205248,Shitcoins being shitcoins. #Bitcoin only. Period. https://t.co/dZ8XXoDXem,Sat Jun 25 04:08:25 +0000 2022,Nakatoshi,satsumoto21,1530784020245516288,,69,442,False,56,Sun May 29 05:32:19 +0000 2022
22,1540547437537918978,RT @Crypto_Saige: @SaitaKanOnline @SnoopDogg @LuckyRooToken The Next #100xgem Taking Over The Crypto Casino Industry.  Available in 2 Separ‚Ä¶,Sat Jun 25 04:08:25 +0000 2022,LuckyRoo Troops,LuckyRooTroops,1475995471504158727,United States,695,213,False,705,Wed Dec 29 01:02:18 +0000 2021
23,1540547437236203520,"RT @Jayecane: rt + post your cashapp, PayPal, Bitcoin https://t.co/q7nl6N7ARq",Sat Jun 25 04:08:25 +0000 2022,bradley fuller,01dubbs,28065629,,13,213,False,190,Wed Apr 01 06:53:15 +0000 2009
24,1540547430407704576,RT @avalancheavax: The Bitcoin bridging support leverages much of the same technology and design of the original Avalanche Bridge architect‚Ä¶,Sat Jun 25 04:08:24 +0000 2022,Gem‚àÄüî∫,TrinaGonzlez2,1463220844109434899,,372,458,False,1623,Tue Nov 23 19:00:43 +0000 2021
25,1540547422060945419,"RT @BTCTN: It was recently revealed by developers that the public beta of #Shibarium, a #SHIB scaling solution, will launch in the third qu‚Ä¶",Sat Jun 25 04:08:22 +0000 2022,CryptoBoy#Whale,Omid_Crypto1,1393192836179320832,"Amsterdam, Nederland",193,187,False,4256,Fri May 14 13:14:01 +0000 2021
26,1540547421561815041,RT @Coredao_Org: Bitcoin will play a very important role in the societal structure of this digital city. People know that Bitcoin is not on‚Ä¶,Sat Jun 25 04:08:21 +0000 2022,Muhammad Waqas,Muhamma61231694,1522785348954345473,,2,4,False,24,Sat May 07 03:48:23 +0000 2022
27,1540547411013410817,"https://t.co/JNvedx7r19 Alternative I will show you in this video https://t.co/v335wXUtPW alternative website, that‚Ä¶ https://t.co/1TU4i3SXIJ",Sat Jun 25 04:08:19 +0000 2022,Selim Sarker,Selimsarkerbidc,1522867454090878976,,0,67,False,9,Sat May 07 09:14:46 +0000 2022
28,1540547409452965888,RT @SaitaKanOnline: Hello BIG @SnoopDogg if you like to gamble check out @LuckyRooToken itll be the biggest launch of 2022 exclusive to #Sa‚Ä¶,Sat Jun 25 04:08:19 +0000 2022,LuckyRoo Troops,LuckyRooTroops,1475995471504158727,United States,695,213,False,705,Wed Dec 29 01:02:18 +0000 2021
29,1540547408483975169,"@Underrated_Dom @deyonte_btc Get *FREE* #CRYPTO (Free First, $10) You Must Deposit $100   Receive $BITCOIN$ | Sign-‚Ä¶ https://t.co/KxKXIzMNW9",Sat Jun 25 04:08:18 +0000 2022,Jared Benavides,JaredBena,283263632,Somewhere in Google Maps,1530,3,False,234,Sat Apr 16 23:13:30 +0000 2011
30,1540547408085540866,"RT @avalancheavax: Good Bridging üî∫  Now that the Avalanche Bridge has added native support for Bitcoin, this technical overview breaks down‚Ä¶",Sat Jun 25 04:08:18 +0000 2022,Gem‚àÄüî∫,TrinaGonzlez2,1463220844109434899,,372,458,False,1623,Tue Nov 23 19:00:43 +0000 2021
31,1540547407888666624,RT @JDxBruce: @TronixTrx @justinsuntron @trondao Airdrop @cctip_com draw 500000 Waifer 500  WaiferCoin @WaiferCoin FollowBack  YOU ARE GIVE‚Ä¶,Sat Jun 25 04:08:18 +0000 2022,Sally,Sally63055788,1121707859035578369,,70,563,False,2861,Fri Apr 26 09:29:28 +0000 2019
32,1540547406168592385,@RethinkinDollar Bitcoin is deflationary which means over time Bitcoin will overtake Gold as the worlds reserve ass‚Ä¶ https://t.co/1q0SHO1SYq,Sat Jun 25 04:08:18 +0000 2022,Damon,Damon215BTC,996540812153405440,,156,175,False,995,Wed May 16 00:00:19 +0000 2018
33,1540547395049734145,@HansMlman  Hello my friend Help put a smile on the faces of the poor children of Gaza by donating or sharing the c‚Ä¶ https://t.co/7QkVquZsTf,Sat Jun 25 04:08:15 +0000 2022,Rasha,Rasha3_1rasha,1109191106254786560,"Gaza,Palestinian",2492,2706,False,3226,Fri Mar 22 20:32:22 +0000 2019
34,1540547392835035136,"Sometimes I just want to buy a farm on like 20 acres and not worry about all this crap. #bitcoin, freedom, sovereig‚Ä¶ https://t.co/Hu35LWnWvt",Sat Jun 25 04:08:15 +0000 2022,Mr. Carter,ThackeryCarter,471301016,Earth,501,899,False,5941,Sun Jan 22 18:24:47 +0000 2012
35,1540547391929171970,RT @bitcoin_apex_rv: ~144 hours in. #Bitcoin  Can you spot the ‰∏∞ sign? Shot with LUMIX GX80. https://t.co/VV6up6Hd13,Sat Jun 25 04:08:14 +0000 2022,Frank Ang üá∏üá¨,thatfrankang,149595917,,57,287,False,76,Sat May 29 17:59:43 +0000 2010
36,1540547391484485634,"RT @BTCTN: #XRP, #AVAX near multi-week highs, following Friday's flurry. https://t.co/ui4WPBDi0s",Sat Jun 25 04:08:14 +0000 2022,BasedAllen,surfingcryptos1,1341477363557801995,,247,79,False,2309,Tue Dec 22 20:15:33 +0000 2020
37,1540547382550593536,@zekekyle76 @Daniell71251047 @cameron A banana also has its own dna,Sat Jun 25 04:08:12 +0000 2022,Harry Potter,Bitcoin_Potter,1363199891745497090,Hogwarts,246,695,False,3083,Sat Feb 20 18:52:45 +0000 2021
38,1540547380889767937,RT @SaitaKanOnline: We love Lambo @LuckyRooToken   #LuckyRooToken #LuckyRoo #RooTroop #SaitaPro #Blockchain #Crypto #BSCGems #BSC #BNB #BNB‚Ä¶,Sat Jun 25 04:08:12 +0000 2022,LuckyRoo Troops,LuckyRooTroops,1475995471504158727,United States,695,213,False,705,Wed Dec 29 01:02:18 +0000 2021
39,1540547379950239744,RT @nanogamesio: Have you heard that TRX is now listed on https://t.co/3C773Pq77C !?üé∞  üèÜWe will give $50 in $TRX to 2 winners in 48 hours t‚Ä¶,Sat Jun 25 04:08:12 +0000 2022,‚ïöeandro üá¶üá∑,Leannn_03,2400587952,,182,1100,False,4335,Thu Mar 20 23:26:13 +0000 2014
40,1540547372610109441,"RT @r_topisto: #computerart #creativecoding #generativeart : #bitcoin #blockchain 's LAST Block, Height : 742226 [ See more on https://t.co‚Ä¶",Sat Jun 25 04:08:10 +0000 2022,p5tbot,p5tbot1,1329393355554426882,,1259,1,False,166688,Thu Nov 19 11:57:38 +0000 2020
41,1540547369103953920,RT @turaxtoken: Take part info  our #Airdrop  Our listing i≈ü coming soon. In July! Get ahead of everyone and earn some tokens. #Turax #Cryp‚Ä¶,Sat Jun 25 04:08:09 +0000 2022,JHOANNAüåü,febibigwin14,1446274606654918677,"Bamban, Central Luzon",21,3562,False,16223,Fri Oct 08 00:42:06 +0000 2021
42,1540547349696716801,RT @MonetaryFrame: A man who saves his time and effort in #Bitcoin can walk more certainly into the chaos of the future.  #MasculineFrame h‚Ä¶,Sat Jun 25 04:08:04 +0000 2022,BTCYN ‚àû/21M üá∏üáªüá®üá´üá∫üá∏,BTCYN,3420170151,NYC,1289,1911,False,110141,Thu Aug 13 14:19:17 +0000 2015
43,1540547345712046081,"#Bitcoin Price in last 3 hours: +0.24% change  Resistance around $21,400  Support around $21,200  Last $BTC Price:‚Ä¶ https://t.co/bB1WrczRHE",Sat Jun 25 04:08:03 +0000 2022,BitcoinPrice.Link,BitcoinpriceL,1428062645165363205,,405,259,False,1828,Wed Aug 18 18:35:19 +0000 2021
44,1540547345120907264,"üü© Block 742227 ‚õè ‚õè  üìÖ 25th Jun 2022, 04:07:10 GMT  üì£ 856 tx with a value of 2,887.851 ‚Çø ($61.36m üá∫üá∏)  üì£ distributed‚Ä¶ https://t.co/OBRHWleizA",Sat Jun 25 04:08:03 +0000 2022,tictoknextblock,tictoknextblock,1410439838986166273,,241,12,False,50753,Thu Jul 01 03:29:10 +0000 2021
45,1540547343266611200,What we learned as the series heads back to Tampa https://t.co/WBBjMn60wC  ‚ñ∂Ô∏è https://t.co/NKkDBVS66N #Bitcoin #Sportsbook,Sat Jun 25 04:08:03 +0000 2022,BetFast.com,BetFastcom,2173508552,,11070,10752,False,1307900,Mon Nov 04 07:15:04 +0000 2013
46,1540547329853313024,RT @turaxtoken: Take part info  our #Airdrop  Our listing i≈ü coming soon. In July! Get ahead of everyone and earn some tokens. #Turax #Cryp‚Ä¶,Sat Jun 25 04:08:00 +0000 2022,setoy üçÅ,Toy_Setoy_,1436530223613308941,,113,36,False,8802,Sat Sep 11 03:21:35 +0000 2021
47,1540547322240634881,RT @TheBitcoinConf: There are only three certainties:  1. Death 2. Taxes 3. 21 Million Bitcoin,Sat Jun 25 04:07:58 +0000 2022,Jessica smith,Jessica_01217,1535123032573849600,"Los Angeles, CA",23,117,False,226,Fri Jun 10 04:54:55 +0000 2022
48,1540547321175343104,RT @BTC_Archive: #Bitcoin HODLers üí™ https://t.co/l2o7dZkMgY,Sat Jun 25 04:07:58 +0000 2022,orellana_steve,SteveO_Bitcoin,961219551877844992,El Salvador (Bitcoin Land ),284,358,False,693,Wed Feb 07 12:46:14 +0000 2018
49,1540547319044734976,#Bitcoin mempool fees summary in the 60 seconds Mean = 5082 Median = 2304 Max = 100000 75th Quant = 3537 N.Obs = 10‚Ä¶ https://t.co/BjOeJ5BICQ,Sat Jun 25 04:07:57 +0000 2022,Mempool Stats,StatsMempool,1527809135374393345,,26,30,False,5347,Sat May 21 00:31:30 +0000 2022
50,1540547317991972864,#Bitcoin mempool Tx summary in the last 60 seconds Mean = 2.40072 Median = 0.03084 Max = 154.27406 75th Quant = 0.3‚Ä¶ https://t.co/Dfg1uV9rkC,Sat Jun 25 04:07:57 +0000 2022,Mempool Stats,StatsMempool,1527809135374393345,,26,30,False,5347,Sat May 21 00:31:30 +0000 2022
51,1540567555722645504,"RT @ParikPatelCFA: ‚ÄúBuy when there‚Äôs blood in the streets, even if it‚Äôs your own‚Äù - person who bought #bitcoin at $60k",Sat Jun 25 05:28:22 +0000 2022,Biro,mirkata00,1343185218786758657,Bulgaria,13,158,False,317,Sun Dec 27 13:21:35 +0000 2020
52,1540567547573059592,"RT @sunnydecree: Money‚Äôs biggest problem isn‚Äôt the people in charge, it‚Äôs that there are people in charge.   #Bitcoin fixes this.",Sat Jun 25 05:28:20 +0000 2022,Bitcoin Tidbits,bitcointid,1500662775688925189,,6,31,False,12,Mon Mar 07 02:41:27 +0000 2022
53,1540567546113433600,"RT @BTC_Archive: üí•SEC spot #Bitcoin ETF rejection ""seems to me to be some element of corruption going on,‚Äù says Max Keiser",Sat Jun 25 05:28:20 +0000 2022,Joe Louderback,joe_louderback,1288282160965619713,,242,160,False,38329,Wed Jul 29 01:17:28 +0000 2020
54,1540567545727823872,"RT @mikealfred: If Solana is going to have their own phone, #Bitcoin should have its own phone too. Who's building this?",Sat Jun 25 05:28:19 +0000 2022,Chris,roasty526,179738564,,57,811,False,3039,Wed Aug 18 00:46:51 +0000 2010
55,1540567535518732288,"Those who believe in Bitcoin also believe in cleverness. Invest wisely, make the clever choice now https://t.co/wlfShd3Ozt",Sat Jun 25 05:28:17 +0000 2022,Patricia Lee,LA_BELLE_ENFANT,994370865964994560,"Los Angeles, CA",570,2106,False,6785,Thu May 10 00:17:43 +0000 2018
56,1540567534285504512,"@Ken72301226 @RobertKalish @VitalikButerin @songadaymann I‚Äôm aware , I prefer bitcoin in my portfolio. However Eth‚Ä¶ https://t.co/7rUXjGYJGz",Sat Jun 25 05:28:17 +0000 2022,Chris0122,Chris01225,1267879259886030854,,34,9,False,3067,Tue Jun 02 18:02:37 +0000 2020
57,1540567528912482305,RT @SocialGood_Inc: üèñÔ∏è Win $100 in $BTC üèñÔ∏è Follow   RT this for a chance to win a cool $100 worth of #Bitcoin !! ü§© We'll tag the lucky 32nd‚Ä¶,Sat Jun 25 05:28:15 +0000 2022,Vanessa Cantor,liamliana0205,1485881282504830976,"Antipolo City, Calabarzon",6,29,False,45,Tue Jan 25 07:44:50 +0000 2022
58,1540567528828981248,@AltGemHunter @PeakyInu PeakyInu  TO the  fucking koon @1goonrich @AltCryptoGems  #Peakyinu #peakygem‚Ä¶ https://t.co/Ot4H8ATOfM,Sat Jun 25 05:28:15 +0000 2022,WHALE GEMS,WHALEGEMS1000X,1522770556717867008,,57,39,False,103,Sat May 07 02:49:36 +0000 2022
59,1540567520096165889,"RT @HukAleksandra: It‚Äôs the year 2030, Bitcoin crashed from $1.8M to $980k  The media: #Bitcoin is dead",Sat Jun 25 05:28:13 +0000 2022,"Diop, Assane Diop",i_amweird_axis,913497673386348544,hideout from the pain ,1912,3413,False,29356,Thu Sep 28 20:16:32 +0000 2017
60,1540567511967887361,RT @AurelienOhayon: #BITCOIN A HUGE BULL RUN STARTS. https://t.co/PM5rWvUvlx,Sat Jun 25 05:28:11 +0000 2022,Oliverrrrrrrrrrrrrrrrrrr Li,OliverLiZX,715804699,,134,321,False,6120,Wed Jul 25 09:41:22 +0000 2012
61,1540567510768041984,"When undertaking marriage, everyone must be the judge of his own thoughts, and take counsel from himself. - Francoi‚Ä¶ https://t.co/ET4GToDNHh",Sat Jun 25 05:28:11 +0000 2022,Alexandr,AlexandrEdgers,809249635,,35,3,False,9879,Fri Sep 07 17:06:18 +0000 2012
62,1540567506624352256,RT @you_perez__: Central African Republic Accepts Bitcoin as Legal Tender. BTC is legal in this African country.,Sat Jun 25 05:28:10 +0000 2022,Jahirul Islam,Jahirul31594487,1445672967967424512,,6,731,False,1812,Wed Oct 06 08:51:18 +0000 2021
63,1540567503331794944,"RT @SlingShotOn: When #Bitcoin reaches $40,000 again ( I know we are in a bear market right now)  I will buy a full computer gaming/crypto‚Ä¶",Sat Jun 25 05:28:09 +0000 2022,BIGWIN DOLLAR FREETAG,winnersejati69,1500258492543688704,,75,1258,False,8187,Sat Mar 05 23:55:02 +0000 2022
64,1540567496754970625,"RT @satskeeper: Is it just me or did Satoshi, in a sly roundabout way, turn saving into an inalienable human right across all jurisdictions‚Ä¶",Sat Jun 25 05:28:08 +0000 2022,Dr. Karl bitcoind-datadir=Tw1tt3r/‚àû/21M,karl_21m,316644408,Deutschland,1336,1848,False,2057,Mon Jun 13 19:12:05 +0000 2011
65,1540567489524137984,RT @HaroBuru: WL Registration Opened: https://t.co/G4JLQeLSc0  üíüStar Collect Program (stake) üíüReal Collectibles üíüHaro Haro   üéâ10X PREMIUM M‚Ä¶,Sat Jun 25 05:28:06 +0000 2022,Bitholic,badass_bitcoin,1412285480167645190,,17,494,False,3401,Tue Jul 06 05:41:32 +0000 2021
66,1540567480053256197,#Bitcoin: Bull Trap Or Breakout? A Chance To Reclaim ...  https://t.co/t4JV50pPFw  #BitcoinNews #BuyDoge‚Ä¶ https://t.co/jdztlLXX5Q,Sat Jun 25 05:28:04 +0000 2022,BOCVIP,bocvip,24911207,,1630,1555,False,66791,Tue Mar 17 16:51:37 +0000 2009
67,1540567472058793985,https://t.co/s2suRYn0ke for sale.  #domains #domainnames #startup #startups #venturecapital #defi #technology‚Ä¶ https://t.co/fDY4D22Dgj,Sat Jun 25 05:28:02 +0000 2022,Andy,andreas12985,291252715,Unaware.com,55,119,False,550,Sun May 01 18:05:03 +0000 2011
68,1540567466501455872,üìàüìàüìàLONGüìàüìàüìà  üí∞#BEL üí∞Entry Price = 0.8998 üí∞2022-06-25T05:28:00Z üí∞Stop Loss =‚òéÔ∏èLINK IN Profile $BEL #BTC #BITCOIN,Sat Jun 25 05:28:01 +0000 2022,CryptoSignals_LS Trading,CryptoSignal_LS,1463917015433977859,,386,0,False,7631,Thu Nov 25 17:06:52 +0000 2021
69,1540567454774083584,"RT @BobLoukas: #bitcoin 3-month chart since inception.   Three 4-yr cycles.  All three topped at Months 33,34,34.  Two bottoms 46 and 46!‚Ä¶",Sat Jun 25 05:27:58 +0000 2022,Lukas,AkuleSe,944905227836248065,,121,204,False,3480,Sun Dec 24 12:18:56 +0000 2017
70,1540567454300135424,RT @BTC_Archive: üí•BINANCE CEO: The number one value of #Bitcoin is that it has a limited supply.,Sat Jun 25 05:27:58 +0000 2022,Warneys-NFT's,WarneyNft,1527186947025907712,Goblintown,618,880,False,4707,Thu May 19 07:19:23 +0000 2022
71,1540567431491600385,RT @TheBitcoinConf: There are only three certainties:  1. Death 2. Taxes 3. 21 Million Bitcoin,Sat Jun 25 05:27:52 +0000 2022,GhstlyPnda420,UUHbusiness,1461024889259896844,,30,200,False,557,Wed Nov 17 17:34:37 +0000 2021
72,1540567429381775361,"RT @BitcoinSapiens: If you have 0.029 #Bitcoin, you already have more in savings than most Americans. Keep stacking.",Sat Jun 25 05:27:52 +0000 2022,Aldo,aldom92,147043669,TX,2982,1868,False,74181,Sun May 23 02:20:41 +0000 2010
73,1540567425640501248,@AirdropStario Amazing project  #cryptocurrency #Airdrop #BSC #Bitcoin #USDT #Lithosphere #KaJLabs #JOT #Airdropstario,Sat Jun 25 05:27:51 +0000 2022,Hillary Franklin üá∫üá∏,AlexTomi10,1496031662773264387,USA üá∫üá∏,16,107,False,284,Tue Feb 22 07:58:56 +0000 2022
74,1540567421496475649,RT @BTC_for_Freedom: - #bitcoin gets better the more you know about it - Fiat gets worse the more you know about it,Sat Jun 25 05:27:50 +0000 2022,rad_dudeüü†,S_Radude,2463159060,"Brasov, Romania",43,137,False,253,Fri Apr 25 12:49:31 +0000 2014
75,1540567416354267143,"RT @HukAleksandra: It‚Äôs the year 2030, Bitcoin crashed from $1.8M to $980k  The media: #Bitcoin is dead",Sat Jun 25 05:27:49 +0000 2022,Nathan | ‚ÇøitMart,cryptonathan76,1500939211674894342,Earth,220,764,False,62,Mon Mar 07 20:59:35 +0000 2022
76,1540567398855499776,RT @JoshRoomsburg: New #Duet with @SalemIlese! üî•  This is the #CryptoBoy Anthem!  @TrustWallet #TrustWallet ‚ô•Ô∏è  Leave a #Comment   #RT üëá  C‚Ä¶,Sat Jun 25 05:27:44 +0000 2022,‚ù§Ô∏è‚ù§Ô∏è‚ù§Ô∏è thanks,lovecityx,1501185053283749890,,59,4599,False,19739,Tue Mar 08 13:16:32 +0000 2022
77,1540567395944697856,Current #Bitcoin Price is $21296 #BTC #Crypto,Sat Jun 25 05:27:44 +0000 2022,Bitcoin Botü§ñ,IAmBitcoinBot,1443994358651359234,server,1534,1,False,56767,Fri Oct 01 17:41:03 +0000 2021
78,1540567391771533313,"White hat hacker attempts to recover 'millions' in lost Bitcoin, finds only¬†$105 https://t.co/uWlsb976Fl",Sat Jun 25 05:27:43 +0000 2022,Bitcoinews,bitcoinews_,915266542463541248,Etats-Unis,1217,32,False,1856,Tue Oct 03 17:25:23 +0000 2017
79,1540567391008133123,RT @BTC_Archive: üí•#Bitcoin miner capitulation has already occurred - CryptoQuant,Sat Jun 25 05:27:43 +0000 2022,Matthieu Moisan,MoisanZerfrea,1452026713752416261,,29,298,False,172,Sat Oct 23 21:39:54 +0000 2021
80,1540567389368115207,@BTCs_BTC Bitcoin is just like evil spirit at the moment,Sat Jun 25 05:27:42 +0000 2022,Uwa Bartho,uwa_bartho,1539897199814774784,,0,26,False,5,Thu Jun 23 09:05:11 +0000 2022
81,1540567386423582725,RT @FlylightsTech: #bitcoin rising We are reducing your #BNB Loss. We fixed the price. 1 BNB = 300 USDT 1 BNB = 37500 FLF Only Flylights ca‚Ä¶,Sat Jun 25 05:27:41 +0000 2022,MD Mazaharul Islam,MDMazah51375902,1382547357762392068,"Dhaka, Bangladesh",53,1384,False,3136,Thu Apr 15 04:12:47 +0000 2021
82,1540567381113593856,We keep kicking ass and taking names ..another notch under Dogelon Mars belt tonight ..let‚Äôs do this!  #dogelonmars‚Ä¶ https://t.co/4tWXEqaWat,Sat Jun 25 05:27:40 +0000 2022,DukeOfLA,tweetest1423,1325654700536983552,Water,122,3,False,1331,Mon Nov 09 04:21:58 +0000 2020
83,1540567379901829122,@CryptoDonAlt @SBF_FTX Abrupt doesn‚Äôt mean over,Sat Jun 25 05:27:40 +0000 2022,Bitcoin Is Hope,bitcoin_is_hope,193999002,,415,926,False,4497,Thu Sep 23 05:06:05 +0000 2010
84,1540567371986894848,RT @StakerZero: Airdrop @cctip_com draw 5000 BTTNEW 450  #100XGem - Shill me your Gem üíé üî• üî•  #Bitcoin #SHIB #BTT #BabyDoge #TRX FollowBack,Sat Jun 25 05:27:38 +0000 2022,arif rashdi,gamaerzz,852718512,,36,133,False,929,Sat Sep 29 11:46:33 +0000 2012
85,1540567368178581505,Very shortly #Saitama is going to take over the crypto space by storm!    Make sure you load up your bags and hold‚Ä¶ https://t.co/UoMJ8yrMH4,Sat Jun 25 05:27:37 +0000 2022,Crypto Ryan,SaitamaShill,1459244392959643652,,1507,2257,False,2474,Fri Nov 12 19:39:15 +0000 2021
86,1540567361321078785,RT @turaxtoken: Take part info  our #Airdrop  Our listing i≈ü coming soon. In July! Get ahead of everyone and earn some tokens. #Turax #Cryp‚Ä¶,Sat Jun 25 05:27:35 +0000 2022,namaku siapa free tag,bgwntrjin,821613307,"Semarang, Jawa Tengah",250,3605,False,44159,Thu Sep 13 14:30:09 +0000 2012
87,1540567359815041026,@Noahpinion if you are a smart person you willl notice it this is why bitcoin crashed   https://t.co/SwJ7cCrTka,Sat Jun 25 05:27:35 +0000 2022,Lauryn Audrie,audrie_lauryn,1441749933820813313,,66,81,False,116,Sat Sep 25 13:02:30 +0000 2021
88,1540567356858159104,RT @LuxuryBitcoin: ROLEX - DAYTONA for 6.60 #BTC Dial: Yellow gold and Black Case Size: 40 mm Case: Yellow Gold Bracelet: Yellow Gold Glass‚Ä¶,Sat Jun 25 05:27:34 +0000 2022,CryptoNews2000,CryptoNews2000,1089532715366576132,Outerspace,1739,5000,False,8609,Sun Jan 27 14:36:56 +0000 2019
89,1540567344925351936,#Bitcoin Last Price $21307 #BTC üöÄ Daily Indicators: ‚Ä¢Variation since 00h00(UTC): +0.33% ‚Ä¢MACD:  -MACD Line: -2503‚Ä¶ https://t.co/w2rW301d9x,Sat Jun 25 05:27:32 +0000 2022,Live Price Crypto,LivePriceCrypto,1501922448324927500,,2208,3,False,130865,Thu Mar 10 14:06:46 +0000 2022
90,1540567329972445184,"@simplykashif Value of an asset class is decided on multiple factors, for bitcoin majorly the network effects and n‚Ä¶ https://t.co/irQkGOva3d",Sat Jun 25 05:27:28 +0000 2022,Samuraizan,Samuraizann,1070703996556505089,"Gandhinagar, India",323,400,False,2122,Thu Dec 06 15:38:20 +0000 2018
91,1540567326348787713,RT @TheBestBizzShow: ‚ÄúIt seems that #bitcoin attracts a great number of very technically gifted people. It also seems to pull in people tha‚Ä¶,Sat Jun 25 05:27:27 +0000 2022,Ozvaldo,Oguzhan84923723,1249717107790622720,Earth,302,1482,False,2740,Mon Apr 13 15:13:15 +0000 2020
92,1540567320963256321,RT @stackhodler: Putin just gave a speech with massive implications for #Bitcoin and global macro.  We won't read a word of it in Western m‚Ä¶,Sat Jun 25 05:27:26 +0000 2022,Cody‚Å¥YHVH,Cody4YHVH,1528889871955279872,,6,95,False,100,Tue May 24 00:05:37 +0000 2022
93,1540567320233394176,RT @naiivememe: #Bitcoin ma hometown https://t.co/8WRZ6h1eVv,Sat Jun 25 05:27:26 +0000 2022,Yasser Shimy,YasserShimy8,1534827735222304770,,44,168,False,322,Thu Jun 09 09:20:39 +0000 2022
94,1540567641433292801,RT @YoloOptions: @TomerStrolight Out of these 7 traits of Money.  Bitcoin scores 6 Gold 4 Fiat 2 https://t.co/ctn5mnmIZS,Sat Jun 25 05:28:42 +0000 2022,Darth Bitcoin,markredtally,501107984,,171,1179,False,734,Thu Feb 23 20:08:20 +0000 2012
95,1540567639072055296,@Dennis_Porter_ #Bitcoin will win either way,Sat Jun 25 05:28:42 +0000 2022,T,T80Davenport,964005280605290497,,121,225,False,4074,Thu Feb 15 05:15:44 +0000 2018
96,1540567631627014144,RT @BitcoinMagazine: Forbes: #Bitcoin can help solve the world's income inequality problem,Sat Jun 25 05:28:40 +0000 2022,abduls hamad,HamadAbduls,1090392123646590977,,76,242,False,14353,Tue Jan 29 23:31:55 +0000 2019
97,1540567631387889666,Before claiming crypto is a fad do 30 hours of research  Really isn‚Äôt that long  Start off w reading the Bitcoin st‚Ä¶ https://t.co/10ScoUiV8n,Sat Jun 25 05:28:40 +0000 2022,Michael Hage,michaelhage14,752005031226990593,,310,413,False,771,Sun Jul 10 05:02:25 +0000 2016
98,1540567631375511553,@CutieBabeGem15 @jiaeri88 @Crypto_Babe15 @PeakyInu PeakyInu  TO the  fucking koon @1goonrich @AltCryptoGems‚Ä¶ https://t.co/1NqZddvwzM,Sat Jun 25 05:28:40 +0000 2022,WHALE GEMS,WHALEGEMS1000X,1522770556717867008,,57,39,False,105,Sat May 07 02:49:36 +0000 2022
99,1540567629374554113,"59,088 #BitcoinCash #BCH (6,617,817 USD) transferred with 0.0002 USD TX fee  $BCH TX: https://t.co/k67dANKBR9",Sat Jun 25 05:28:39 +0000 2022,WhaleAlertBCH,WhaleAlertBch,1279071043118915584,,9351,26,False,14772,Fri Jul 03 15:15:08 +0000 2020
100,1540567625985564672,The #Bitcoin market might be 'down' but us HODLers are out there holding the line and styling our statement üòé https://t.co/iOH5c9sPGK,Sat Jun 25 05:28:39 +0000 2022,Merchandise IX,MERCH_IX,909779700788101122,The Blockchain,661,418,False,536,Mon Sep 18 14:02:38 +0000 2017
101,1540567624995999744,"RT @SlingShotOn: When #Bitcoin reaches $40,000 again ( I know we are in a bear market right now)  I will buy a full computer gaming/crypto‚Ä¶",Sat Jun 25 05:28:38 +0000 2022,chaa üê£ ‚Ä¢ kinda ia,bbyysugarrr,1386294280688332805,(she/her)  ‚Ä¢  #ÏïÑÏä§Ìä∏Î°ú,3698,2322,False,113447,Sun Apr 25 12:21:36 +0000 2021
102,1540567622777028609,"RT @HukAleksandra: It‚Äôs the year 2030, Bitcoin crashed from $1.8M to $980k  The media: #Bitcoin is dead",Sat Jun 25 05:28:38 +0000 2022,FalaksherBaloch,BinanceWorld2,1451967336819351554,,21,103,False,1232,Sat Oct 23 17:43:01 +0000 2021
103,1540567622131105797,"@WhaleInfos @RealFlokiInu @BabyDogeCoin @bitgertbrise @EverRise #BitgertArmy ü•∑üèº  ‚û° Its A New Week, Are You Ready Fo‚Ä¶ https://t.co/EJB7EovGcm",Sat Jun 25 05:28:38 +0000 2022,Mahdirazavi,Mahdirazavi2012,490312191,usa,58,52,False,20473,Sun Feb 12 12:42:09 +0000 2012
104,1540567617433473024,Saddle‚Ä§Finance Creates New Standards for DeFi Trading https://t.co/SpDZl72SG6,Sat Jun 25 05:28:37 +0000 2022,Crypto Tom,CryptoTomBD,1107645458116009984,Earth,131,527,False,854,Mon Mar 18 14:10:31 +0000 2019
105,1540567611272044544,Fear is just temporary but REGRET is forever take the risk now $buy #bitcoin,Sat Jun 25 05:28:35 +0000 2022,Diana Russel,BTH_350,1098028268,USA,3980,327,False,18716,Thu Jan 17 12:27:52 +0000 2013
106,1540567602459807746,The price of Corn is a better predictor of the future Bitcoin price than any Micro variable in the crypto space.,Sat Jun 25 05:28:33 +0000 2022,Ekshesh Bekele,eksheshbek,705588233665646592,"ALEXANDRIA, VA",159,170,False,2494,Fri Mar 04 02:58:38 +0000 2016
107,1540567596034134016,#Bitcoin Last Price $21302 #BTC üöÄ Daily Indicators: ‚Ä¢Pivot Fibonacci:  -Support 1: 27775  -S2: 24635  -S3: 19554  -‚Ä¶ https://t.co/FSNZ51IEok,Sat Jun 25 05:28:31 +0000 2022,Live Price Crypto,LivePriceCrypto,1501922448324927500,,2208,3,False,130866,Thu Mar 10 14:06:46 +0000 2022
108,1540567587339264000,RT @SimonDixonTwitt: It‚Äôs really simple. If @CelsiusNetwork goes bankrupt #Bitcoin may save depositors in ten years if #TradFi does not sel‚Ä¶,Sat Jun 25 05:28:29 +0000 2022,CraptoeGi 2.0,CraptoeG,1153731538661646341,"Linkville, Florida ü§ô",2840,1076,False,15427,Tue Jul 23 18:20:08 +0000 2019
109,1540567585590087680,"RT @HukAleksandra: It‚Äôs the year 2030, Bitcoin crashed from $1.8M to $980k  The media: #Bitcoin is dead",Sat Jun 25 05:28:29 +0000 2022,D Roll,dee_rolll,1473073574902599681,,23,273,False,144,Mon Dec 20 23:31:37 +0000 2021
110,1540567582818054144,@Cryptic_Maestro @PeakyInu PeakyInu  TO the  fucking koon @1goonrich @AltCryptoGems  #Peakyinu #peakygem‚Ä¶ https://t.co/fvLnmqJOX0,Sat Jun 25 05:28:28 +0000 2022,WHALE GEMS,WHALEGEMS1000X,1522770556717867008,,57,39,False,105,Sat May 07 02:49:36 +0000 2022
111,1540567555722645504,"RT @ParikPatelCFA: ‚ÄúBuy when there‚Äôs blood in the streets, even if it‚Äôs your own‚Äù - person who bought #bitcoin at $60k",Sat Jun 25 05:28:22 +0000 2022,Biro,mirkata00,1343185218786758657,Bulgaria,13,158,False,317,Sun Dec 27 13:21:35 +0000 2020
112,1540567547573059592,"RT @sunnydecree: Money‚Äôs biggest problem isn‚Äôt the people in charge, it‚Äôs that there are people in charge.   #Bitcoin fixes this.",Sat Jun 25 05:28:20 +0000 2022,Bitcoin Tidbits,bitcointid,1500662775688925189,,6,31,False,12,Mon Mar 07 02:41:27 +0000 2022
113,1540567546113433600,"RT @BTC_Archive: üí•SEC spot #Bitcoin ETF rejection ""seems to me to be some element of corruption going on,‚Äù says Max Keiser",Sat Jun 25 05:28:20 +0000 2022,Joe Louderback,joe_louderback,1288282160965619713,,242,160,False,38329,Wed Jul 29 01:17:28 +0000 2020
114,1540567545727823872,"RT @mikealfred: If Solana is going to have their own phone, #Bitcoin should have its own phone too. Who's building this?",Sat Jun 25 05:28:19 +0000 2022,Chris,roasty526,179738564,,57,811,False,3040,Wed Aug 18 00:46:51 +0000 2010
115,1540567535518732288,"Those who believe in Bitcoin also believe in cleverness. Invest wisely, make the clever choice now https://t.co/wlfShd3Ozt",Sat Jun 25 05:28:17 +0000 2022,Patricia Lee,LA_BELLE_ENFANT,994370865964994560,"Los Angeles, CA",570,2106,False,6785,Thu May 10 00:17:43 +0000 2018
116,1540567534285504512,"@Ken72301226 @RobertKalish @VitalikButerin @songadaymann I‚Äôm aware , I prefer bitcoin in my portfolio. However Eth‚Ä¶ https://t.co/7rUXjGYJGz",Sat Jun 25 05:28:17 +0000 2022,Chris0122,Chris01225,1267879259886030854,,34,9,False,3067,Tue Jun 02 18:02:37 +0000 2020
117,1540567528912482305,RT @SocialGood_Inc: üèñÔ∏è Win $100 in $BTC üèñÔ∏è Follow   RT this for a chance to win a cool $100 worth of #Bitcoin !! ü§© We'll tag the lucky 32nd‚Ä¶,Sat Jun 25 05:28:15 +0000 2022,Vanessa Cantor,liamliana0205,1485881282504830976,"Antipolo City, Calabarzon",6,29,False,45,Tue Jan 25 07:44:50 +0000 2022
118,1540567528828981248,@AltGemHunter @PeakyInu PeakyInu  TO the  fucking koon @1goonrich @AltCryptoGems  #Peakyinu #peakygem‚Ä¶ https://t.co/Ot4H8ATOfM,Sat Jun 25 05:28:15 +0000 2022,WHALE GEMS,WHALEGEMS1000X,1522770556717867008,,57,39,False,105,Sat May 07 02:49:36 +0000 2022
119,1540567520096165889,"RT @HukAleksandra: It‚Äôs the year 2030, Bitcoin crashed from $1.8M to $980k  The media: #Bitcoin is dead",Sat Jun 25 05:28:13 +0000 2022,"Diop, Assane Diop",i_amweird_axis,913497673386348544,hideout from the pain ,1912,3413,False,29356,Thu Sep 28 20:16:32 +0000 2017
120,1540567511967887361,RT @AurelienOhayon: #BITCOIN A HUGE BULL RUN STARTS. https://t.co/PM5rWvUvlx,Sat Jun 25 05:28:11 +0000 2022,Oliverrrrrrrrrrrrrrrrrrr Li,OliverLiZX,715804699,,134,321,False,6120,Wed Jul 25 09:41:22 +0000 2012
121,1540567510768041984,"When undertaking marriage, everyone must be the judge of his own thoughts, and take counsel from himself. - Francoi‚Ä¶ https://t.co/ET4GToDNHh",Sat Jun 25 05:28:11 +0000 2022,Alexandr,AlexandrEdgers,809249635,,35,3,False,9879,Fri Sep 07 17:06:18 +0000 2012
122,1540567506624352256,RT @you_perez__: Central African Republic Accepts Bitcoin as Legal Tender. BTC is legal in this African country.,Sat Jun 25 05:28:10 +0000 2022,Jahirul Islam,Jahirul31594487,1445672967967424512,,6,731,False,1812,Wed Oct 06 08:51:18 +0000 2021
123,1540567503331794944,"RT @SlingShotOn: When #Bitcoin reaches $40,000 again ( I know we are in a bear market right now)  I will buy a full computer gaming/crypto‚Ä¶",Sat Jun 25 05:28:09 +0000 2022,BIGWIN DOLLAR FREETAG,winnersejati69,1500258492543688704,,75,1258,False,8189,Sat Mar 05 23:55:02 +0000 2022
124,1540567496754970625,"RT @satskeeper: Is it just me or did Satoshi, in a sly roundabout way, turn saving into an inalienable human right across all jurisdictions‚Ä¶",Sat Jun 25 05:28:08 +0000 2022,Dr. Karl bitcoind-datadir=Tw1tt3r/‚àû/21M,karl_21m,316644408,Deutschland,1336,1848,False,2057,Mon Jun 13 19:12:05 +0000 2011
125,1540567489524137984,RT @HaroBuru: WL Registration Opened: https://t.co/G4JLQeLSc0  üíüStar Collect Program (stake) üíüReal Collectibles üíüHaro Haro   üéâ10X PREMIUM M‚Ä¶,Sat Jun 25 05:28:06 +0000 2022,Bitholic,badass_bitcoin,1412285480167645190,,17,494,False,3401,Tue Jul 06 05:41:32 +0000 2021
126,1540567480053256197,#Bitcoin: Bull Trap Or Breakout? A Chance To Reclaim ...  https://t.co/t4JV50pPFw  #BitcoinNews #BuyDoge‚Ä¶ https://t.co/jdztlLXX5Q,Sat Jun 25 05:28:04 +0000 2022,BOCVIP,bocvip,24911207,,1630,1555,False,66791,Tue Mar 17 16:51:37 +0000 2009
127,1540567472058793985,https://t.co/s2suRYn0ke for sale.  #domains #domainnames #startup #startups #venturecapital #defi #technology‚Ä¶ https://t.co/fDY4D22Dgj,Sat Jun 25 05:28:02 +0000 2022,Andy,andreas12985,291252715,Unaware.com,55,119,False,550,Sun May 01 18:05:03 +0000 2011
128,1540567466501455872,üìàüìàüìàLONGüìàüìàüìà  üí∞#BEL üí∞Entry Price = 0.8998 üí∞2022-06-25T05:28:00Z üí∞Stop Loss =‚òéÔ∏èLINK IN Profile $BEL #BTC #BITCOIN,Sat Jun 25 05:28:01 +0000 2022,CryptoSignals_LS Trading,CryptoSignal_LS,1463917015433977859,,386,0,False,7631,Thu Nov 25 17:06:52 +0000 2021
129,1540567454774083584,"RT @BobLoukas: #bitcoin 3-month chart since inception.   Three 4-yr cycles.  All three topped at Months 33,34,34.  Two bottoms 46 and 46!‚Ä¶",Sat Jun 25 05:27:58 +0000 2022,Lukas,AkuleSe,944905227836248065,,121,204,False,3480,Sun Dec 24 12:18:56 +0000 2017
130,1540567454300135424,RT @BTC_Archive: üí•BINANCE CEO: The number one value of #Bitcoin is that it has a limited supply.,Sat Jun 25 05:27:58 +0000 2022,Warneys-NFT's,WarneyNft,1527186947025907712,Goblintown,618,880,False,4707,Thu May 19 07:19:23 +0000 2022
131,1540567431491600385,RT @TheBitcoinConf: There are only three certainties:  1. Death 2. Taxes 3. 21 Million Bitcoin,Sat Jun 25 05:27:52 +0000 2022,GhstlyPnda420,UUHbusiness,1461024889259896844,,30,200,False,557,Wed Nov 17 17:34:37 +0000 2021
132,1540567429381775361,"RT @BitcoinSapiens: If you have 0.029 #Bitcoin, you already have more in savings than most Americans. Keep stacking.",Sat Jun 25 05:27:52 +0000 2022,Aldo,aldom92,147043669,TX,2982,1868,False,74181,Sun May 23 02:20:41 +0000 2010
133,1540567425640501248,@AirdropStario Amazing project  #cryptocurrency #Airdrop #BSC #Bitcoin #USDT #Lithosphere #KaJLabs #JOT #Airdropstario,Sat Jun 25 05:27:51 +0000 2022,Hillary Franklin üá∫üá∏,AlexTomi10,1496031662773264387,USA üá∫üá∏,16,107,False,284,Tue Feb 22 07:58:56 +0000 2022
134,1540567421496475649,RT @BTC_for_Freedom: - #bitcoin gets better the more you know about it - Fiat gets worse the more you know about it,Sat Jun 25 05:27:50 +0000 2022,rad_dudeüü†,S_Radude,2463159060,"Brasov, Romania",43,137,False,253,Fri Apr 25 12:49:31 +0000 2014
135,1540567416354267143,"RT @HukAleksandra: It‚Äôs the year 2030, Bitcoin crashed from $1.8M to $980k  The media: #Bitcoin is dead",Sat Jun 25 05:27:49 +0000 2022,Nathan | ‚ÇøitMart,cryptonathan76,1500939211674894342,Earth,220,764,False,62,Mon Mar 07 20:59:35 +0000 2022
136,1540567398855499776,RT @JoshRoomsburg: New #Duet with @SalemIlese! üî•  This is the #CryptoBoy Anthem!  @TrustWallet #TrustWallet ‚ô•Ô∏è  Leave a #Comment   #RT üëá  C‚Ä¶,Sat Jun 25 05:27:44 +0000 2022,‚ù§Ô∏è‚ù§Ô∏è‚ù§Ô∏è thanks,lovecityx,1501185053283749890,,59,4599,False,19742,Tue Mar 08 13:16:32 +0000 2022
137,1540567769560776705,Pretty much nothing in the news about this. I guess they don't want to give anyone any ideas now that it's spreadin‚Ä¶ https://t.co/UroScC7svP,Sat Jun 25 05:29:13 +0000 2022,‚ö°TheDemonsNameIsSurveillance,BitcoinDemiurge,1422853259853717505,Citadel,420,692,False,706,Wed Aug 04 09:34:07 +0000 2021
138,1540567763705528321,@Emillgrisolia Yeah I stayed up for something else but also didn‚Äôt sleep and watch Bitcoin on phone. It‚Äôs basically‚Ä¶ https://t.co/Pg8aDxxCwB,Sat Jun 25 05:29:11 +0000 2022,MURO,MuroCrypto,230206137,Not financial advice,225869,554,False,17592,Fri Dec 24 16:05:30 +0000 2010
139,1540567761306279936,RT @BitcoinMagazine: #Bitcoin is freedom money https://t.co/pYadZdCKPi,Sat Jun 25 05:29:11 +0000 2022,V.ŒûTH,vichenhao,902450228317396992,,192,453,False,1228,Tue Aug 29 08:37:55 +0000 2017
140,1540567758005342208,"RT @SlingShotOn: When #Bitcoin reaches $40,000 again ( I know we are in a bear market right now)  I will buy a full computer gaming/crypto‚Ä¶",Sat Jun 25 05:29:10 +0000 2022,good day || free tag ‡≠ß‚ç§‚Éùüå†,glorygoldencity,1512677662308724739,search happiness,92,1244,False,4724,Sat Apr 09 06:24:03 +0000 2022
141,1540567753681010688,RT @skwp: . @GoldmanSachs should buy $2B of bitcoin instead of a failed crypto lender. This is financial advice. I am available for CFO and‚Ä¶,Sat Jun 25 05:29:09 +0000 2022,Mike,ApeDegenCrypt,1516940148528730114,,292,1026,False,18301,Thu Apr 21 00:41:38 +0000 2022
142,1540567730503294976,RT @DaikiFintech: DFTC is all about Fintech and one must grab the opportunity to understand its importance to their benefits! ‚ö° ___ Know mo‚Ä¶,Sat Jun 25 05:29:03 +0000 2022,kishor Singh shekhawat,kishorsingh44,1151059436498087936,"Jaipur, India",178,62,False,959,Tue Jul 16 09:22:10 +0000 2019
143,1540567728364322816,RT @stackhodler: Putin just gave a speech with massive implications for #Bitcoin and global macro.  We won't read a word of it in Western m‚Ä¶,Sat Jun 25 05:29:03 +0000 2022,DeFi-ant,MwitiGitosh,792353756,"Nairobi, Kenya",420,891,False,5893,Thu Aug 30 20:38:35 +0000 2012
144,1540567727001292801,RT @FlylightsTech: üî•NOW ON PRESALEüî•  #presale stage 3 is running out fast. 91% complete. Don't miss the opportunity to buy early.  üî¥ Stage‚Ä¶,Sat Jun 25 05:29:03 +0000 2022,Muricendis,muricendis,1053317893490987008,"Lagos, Nigeria",122,544,False,794,Fri Oct 19 16:12:10 +0000 2018
145,1540567725663207424,RT @Giveawayquinn: $60 | 360 mins  ‚è∞  RT ‚Ä¢ LIKE ‚Ä¢ FOLLOW  @Nftdunyas1 @Giveawayquinn  #Bitcoin #NFTGiveaway #NFTCommunity #NFTshill,Sat Jun 25 05:29:02 +0000 2022,NFT- Koala,NFTK0ala,1539955298504433665,,226,15,False,9,Thu Jun 23 12:55:33 +0000 2022
146,1540567722626793472,RT @pete_rizzo_: ‚ú® El Salvador President announcing national #Bitcoin giveaway exactly 1 year ago.   The largest-ever distribution of free‚Ä¶,Sat Jun 25 05:29:02 +0000 2022,Crypto Relevant,crypto_relevant,1341432875208429568,Global,385,568,False,2886,Tue Dec 22 17:18:26 +0000 2020
147,1540567721766801408,"@saylor If someone absolutely new come in  to crypto and wanna invest,it will be never bitcoin....i pleased someone‚Ä¶ https://t.co/24AQzHNfZz",Sat Jun 25 05:29:01 +0000 2022,Saitama Sakatoshi,saitatoshi,1525065849605967878,#Naturwissenschaft #Familie ,209,191,False,172,Fri May 13 10:50:40 +0000 2022
148,1540567719489191938,"RT @coryklippsten: The best way to buy bitcoin for anyone with steady cash inflow is via an Automatic Recurring Purchase Plan, (aka ‚ÄúAuto-D‚Ä¶",Sat Jun 25 05:29:01 +0000 2022,Aldo,aldom92,147043669,TX,2982,1868,False,74182,Sun May 23 02:20:41 +0000 2010
149,1540567717526310912,@bitcoin_is_hope @SBF_FTX Having been does though,Sat Jun 25 05:29:00 +0000 2022,DonAlt,CryptoDonAlt,878219545785372673,,410884,448,False,26050,Fri Jun 23 11:53:51 +0000 2017
150,1540567711511564288,RT @BitcoinBF: Let's give away some Bitcoin on this Friday. I'll randomly choose one person who Retweets this and send them $25 in BTC.  Mu‚Ä¶,Sat Jun 25 05:28:59 +0000 2022,nincha,xiamxchange,1488047265801326595,"San Juan La Union, Philippines",248,1007,False,3015,Mon Jan 31 07:11:45 +0000 2022
151,1540567711255736320,RT @Nneuman: Get ready for years of bankruptcy proceedings before any customers receive even a fraction of the bitcoin they held at Celsius‚Ä¶,Sat Jun 25 05:28:59 +0000 2022,Mike,ApeDegenCrypt,1516940148528730114,,292,1026,False,18301,Thu Apr 21 00:41:38 +0000 2022
152,1540567703064543232,RT @turaxtoken: Take part info  our #Airdrop  Our listing i≈ü coming soon. In July! Get ahead of everyone and earn some tokens. #Turax #Cryp‚Ä¶,Sat Jun 25 05:28:57 +0000 2022,ilycmdv üôèüèºüçÄ,ilycmdv,1332896452918448130,Philippines,260,1508,False,72920,Sun Nov 29 03:57:46 +0000 2020
153,1540567702632386560,"RT @MotorUp2: Yo. #Crypto fool. Time to jump onboard #xRhodium,#XRC. Get off your #Bitcoin butt and do some research.  https://t.co/C6dqKwV‚Ä¶",Sat Jun 25 05:28:57 +0000 2022,Trader,XRCHolder,1432440407925874690,,21,74,False,1334,Mon Aug 30 20:30:04 +0000 2021
154,1540567680100474880,@kirakfw I lost my coinbase wallet with my bitcoin and meta mask + I need a sugar mommy + I need a sugar daddy + he‚Ä¶ https://t.co/YBTyI4U4wZ,Sat Jun 25 05:28:51 +0000 2022,austin,jelqenthusiast,1531367613091270656,,12,86,False,19,Mon May 30 20:11:21 +0000 2022
155,1540567676447502336,"RT @KapitalDAO: The price of bitcoin fell below $20,000, a figure closely watched by cryptocurrency aficionados, as a violent selloff in cr‚Ä¶",Sat Jun 25 05:28:51 +0000 2022,alter ego,crayush7op,1494962944278339584,,12,103,False,304,Sat Feb 19 09:12:04 +0000 2022
156,1540567668126007296,@SharksCoins @PeakyInu PeakyInu  TO the  fucking koon @1goonrich @AltCryptoGems  #Peakyinu #peakygem #Peakymoonshot‚Ä¶ https://t.co/EvqVKRKtwg,Sat Jun 25 05:28:49 +0000 2022,WHALE GEMS,WHALEGEMS1000X,1522770556717867008,,57,39,False,106,Sat May 07 02:49:36 +0000 2022
157,1540567663142875136,RT @FlylightsTech: #Flylights FL104 #deliverydrone  Nature Friendly The FL 104‚Äôs upper section provides approximately 10% energy saving on‚Ä¶,Sat Jun 25 05:28:47 +0000 2022,MD Mazaharul Islam,MDMazah51375902,1382547357762392068,"Dhaka, Bangladesh",53,1384,False,3137,Thu Apr 15 04:12:47 +0000 2021
158,1540567641433292801,RT @YoloOptions: @TomerStrolight Out of these 7 traits of Money.  Bitcoin scores 6 Gold 4 Fiat 2 https://t.co/ctn5mnmIZS,Sat Jun 25 05:28:42 +0000 2022,Darth Bitcoin,markredtally,501107984,,171,1179,False,734,Thu Feb 23 20:08:20 +0000 2012
159,1540567639072055296,@Dennis_Porter_ #Bitcoin will win either way,Sat Jun 25 05:28:42 +0000 2022,T,T80Davenport,964005280605290497,,121,225,False,4074,Thu Feb 15 05:15:44 +0000 2018
160,1540567631627014144,RT @BitcoinMagazine: Forbes: #Bitcoin can help solve the world's income inequality problem,Sat Jun 25 05:28:40 +0000 2022,abduls hamad,HamadAbduls,1090392123646590977,,76,242,False,14353,Tue Jan 29 23:31:55 +0000 2019
161,1540567631387889666,Before claiming crypto is a fad do 30 hours of research  Really isn‚Äôt that long  Start off w reading the Bitcoin st‚Ä¶ https://t.co/10ScoUiV8n,Sat Jun 25 05:28:40 +0000 2022,Michael Hage,michaelhage14,752005031226990593,,310,413,False,771,Sun Jul 10 05:02:25 +0000 2016
162,1540567631375511553,@CutieBabeGem15 @jiaeri88 @Crypto_Babe15 @PeakyInu PeakyInu  TO the  fucking koon @1goonrich @AltCryptoGems‚Ä¶ https://t.co/1NqZddvwzM,Sat Jun 25 05:28:40 +0000 2022,WHALE GEMS,WHALEGEMS1000X,1522770556717867008,,57,39,False,106,Sat May 07 02:49:36 +0000 2022
163,1540567629374554113,"59,088 #BitcoinCash #BCH (6,617,817 USD) transferred with 0.0002 USD TX fee  $BCH TX: https://t.co/k67dANKBR9",Sat Jun 25 05:28:39 +0000 2022,WhaleAlertBCH,WhaleAlertBch,1279071043118915584,,9351,26,False,14772,Fri Jul 03 15:15:08 +0000 2020
164,1540567625985564672,The #Bitcoin market might be 'down' but us HODLers are out there holding the line and styling our statement üòé https://t.co/iOH5c9sPGK,Sat Jun 25 05:28:39 +0000 2022,Merchandise IX,MERCH_IX,909779700788101122,The Blockchain,661,418,False,536,Mon Sep 18 14:02:38 +0000 2017
165,1540567624995999744,"RT @SlingShotOn: When #Bitcoin reaches $40,000 again ( I know we are in a bear market right now)  I will buy a full computer gaming/crypto‚Ä¶",Sat Jun 25 05:28:38 +0000 2022,chaa üê£ ‚Ä¢ kinda ia,bbyysugarrr,1386294280688332805,(she/her)  ‚Ä¢  #ÏïÑÏä§Ìä∏Î°ú,3698,2322,False,113450,Sun Apr 25 12:21:36 +0000 2021
166,1540567622777028609,"RT @HukAleksandra: It‚Äôs the year 2030, Bitcoin crashed from $1.8M to $980k  The media: #Bitcoin is dead",Sat Jun 25 05:28:38 +0000 2022,FalaksherBaloch,BinanceWorld2,1451967336819351554,,21,103,False,1232,Sat Oct 23 17:43:01 +0000 2021
167,1540567622319734786,"53,422 #BitcoinCash #BCH (5,983,225 USD) transferred with 0.0002 USD TX fee  $BCH TX: https://t.co/UcH6eS6mXn",Sat Jun 25 05:28:38 +0000 2022,WhaleAlertBCH,WhaleAlertBch,1279071043118915584,,9351,26,False,14772,Fri Jul 03 15:15:08 +0000 2020
168,1540567622131105797,"@WhaleInfos @RealFlokiInu @BabyDogeCoin @bitgertbrise @EverRise #BitgertArmy ü•∑üèº  ‚û° Its A New Week, Are You Ready Fo‚Ä¶ https://t.co/EJB7EovGcm",Sat Jun 25 05:28:38 +0000 2022,Mahdirazavi,Mahdirazavi2012,490312191,usa,58,52,False,20473,Sun Feb 12 12:42:09 +0000 2012
169,1540567617433473024,Saddle‚Ä§Finance Creates New Standards for DeFi Trading https://t.co/SpDZl72SG6,Sat Jun 25 05:28:37 +0000 2022,Crypto Tom,CryptoTomBD,1107645458116009984,Earth,131,527,False,854,Mon Mar 18 14:10:31 +0000 2019
170,1540567611272044544,Fear is just temporary but REGRET is forever take the risk now $buy #bitcoin,Sat Jun 25 05:28:35 +0000 2022,Diana Russel,BTH_350,1098028268,USA,3980,327,False,18716,Thu Jan 17 12:27:52 +0000 2013
171,1540567602459807746,The price of Corn is a better predictor of the future Bitcoin price than any Micro variable in the crypto space.,Sat Jun 25 05:28:33 +0000 2022,Ekshesh Bekele,eksheshbek,705588233665646592,"ALEXANDRIA, VA",159,170,False,2494,Fri Mar 04 02:58:38 +0000 2016
172,1540567596034134016,#Bitcoin Last Price $21302 #BTC üöÄ Daily Indicators: ‚Ä¢Pivot Fibonacci:  -Support 1: 27775  -S2: 24635  -S3: 19554  -‚Ä¶ https://t.co/FSNZ51IEok,Sat Jun 25 05:28:31 +0000 2022,Live Price Crypto,LivePriceCrypto,1501922448324927500,,2208,3,False,130866,Thu Mar 10 14:06:46 +0000 2022
173,1540567587339264000,RT @SimonDixonTwitt: It‚Äôs really simple. If @CelsiusNetwork goes bankrupt #Bitcoin may save depositors in ten years if #TradFi does not sel‚Ä¶,Sat Jun 25 05:28:29 +0000 2022,CraptoeGi 2.0,CraptoeG,1153731538661646341,"Linkville, Florida ü§ô",2840,1076,False,15427,Tue Jul 23 18:20:08 +0000 2019
174,1540567585590087680,"RT @HukAleksandra: It‚Äôs the year 2030, Bitcoin crashed from $1.8M to $980k  The media: #Bitcoin is dead",Sat Jun 25 05:28:29 +0000 2022,D Roll,dee_rolll,1473073574902599681,,23,273,False,144,Mon Dec 20 23:31:37 +0000 2021
175,1540567582818054144,@Cryptic_Maestro @PeakyInu PeakyInu  TO the  fucking koon @1goonrich @AltCryptoGems  #Peakyinu #peakygem‚Ä¶ https://t.co/fvLnmqJOX0,Sat Jun 25 05:28:28 +0000 2022,WHALE GEMS,WHALEGEMS1000X,1522770556717867008,,57,39,False,106,Sat May 07 02:49:36 +0000 2022
176,1540567555722645504,"RT @ParikPatelCFA: ‚ÄúBuy when there‚Äôs blood in the streets, even if it‚Äôs your own‚Äù - person who bought #bitcoin at $60k",Sat Jun 25 05:28:22 +0000 2022,Biro,mirkata00,1343185218786758657,Bulgaria,13,158,False,317,Sun Dec 27 13:21:35 +0000 2020
177,1540567547573059592,"RT @sunnydecree: Money‚Äôs biggest problem isn‚Äôt the people in charge, it‚Äôs that there are people in charge.   #Bitcoin fixes this.",Sat Jun 25 05:28:20 +0000 2022,Bitcoin Tidbits,bitcointid,1500662775688925189,,6,31,False,12,Mon Mar 07 02:41:27 +0000 2022
178,1540567546113433600,"RT @BTC_Archive: üí•SEC spot #Bitcoin ETF rejection ""seems to me to be some element of corruption going on,‚Äù says Max Keiser",Sat Jun 25 05:28:20 +0000 2022,Joe Louderback,joe_louderback,1288282160965619713,,242,160,False,38329,Wed Jul 29 01:17:28 +0000 2020
179,1540567545727823872,"RT @mikealfred: If Solana is going to have their own phone, #Bitcoin should have its own phone too. Who's building this?",Sat Jun 25 05:28:19 +0000 2022,Chris,roasty526,179738564,,57,811,False,3040,Wed Aug 18 00:46:51 +0000 2010
180,1540567535518732288,"Those who believe in Bitcoin also believe in cleverness. Invest wisely, make the clever choice now https://t.co/wlfShd3Ozt",Sat Jun 25 05:28:17 +0000 2022,Patricia Lee,LA_BELLE_ENFANT,994370865964994560,"Los Angeles, CA",570,2106,False,6794,Thu May 10 00:17:43 +0000 2018
181,1540567534285504512,"@Ken72301226 @RobertKalish @VitalikButerin @songadaymann I‚Äôm aware , I prefer bitcoin in my portfolio. However Eth‚Ä¶ https://t.co/7rUXjGYJGz",Sat Jun 25 05:28:17 +0000 2022,Chris0122,Chris01225,1267879259886030854,,34,9,False,3067,Tue Jun 02 18:02:37 +0000 2020
182,1540567528912482305,RT @SocialGood_Inc: üèñÔ∏è Win $100 in $BTC üèñÔ∏è Follow   RT this for a chance to win a cool $100 worth of #Bitcoin !! ü§© We'll tag the lucky 32nd‚Ä¶,Sat Jun 25 05:28:15 +0000 2022,Vanessa Cantor,liamliana0205,1485881282504830976,"Antipolo City, Calabarzon",6,29,False,46,Tue Jan 25 07:44:50 +0000 2022
183,1540567528828981248,@AltGemHunter @PeakyInu PeakyInu  TO the  fucking koon @1goonrich @AltCryptoGems  #Peakyinu #peakygem‚Ä¶ https://t.co/Ot4H8ATOfM,Sat Jun 25 05:28:15 +0000 2022,WHALE GEMS,WHALEGEMS1000X,1522770556717867008,,57,39,False,106,Sat May 07 02:49:36 +0000 2022
184,1540567520096165889,"RT @HukAleksandra: It‚Äôs the year 2030, Bitcoin crashed from $1.8M to $980k  The media: #Bitcoin is dead",Sat Jun 25 05:28:13 +0000 2022,"Diop, Assane Diop",i_amweird_axis,913497673386348544,hideout from the pain ,1914,3413,False,29357,Thu Sep 28 20:16:32 +0000 2017
185,1540567511967887361,RT @AurelienOhayon: #BITCOIN A HUGE BULL RUN STARTS. https://t.co/PM5rWvUvlx,Sat Jun 25 05:28:11 +0000 2022,Oliverrrrrrrrrrrrrrrrrrr Li,OliverLiZX,715804699,,134,321,False,6120,Wed Jul 25 09:41:22 +0000 2012
186,1540567510768041984,"When undertaking marriage, everyone must be the judge of his own thoughts, and take counsel from himself. - Francoi‚Ä¶ https://t.co/ET4GToDNHh",Sat Jun 25 05:28:11 +0000 2022,Alexandr,AlexandrEdgers,809249635,,35,3,False,9879,Fri Sep 07 17:06:18 +0000 2012
187,1540567506624352256,RT @you_perez__: Central African Republic Accepts Bitcoin as Legal Tender. BTC is legal in this African country.,Sat Jun 25 05:28:10 +0000 2022,Jahirul Islam,Jahirul31594487,1445672967967424512,,6,731,False,1812,Wed Oct 06 08:51:18 +0000 2021
188,1540567503331794944,"RT @SlingShotOn: When #Bitcoin reaches $40,000 again ( I know we are in a bear market right now)  I will buy a full computer gaming/crypto‚Ä¶",Sat Jun 25 05:28:09 +0000 2022,BIGWIN DOLLAR FREETAG,winnersejati69,1500258492543688704,,75,1260,False,8190,Sat Mar 05 23:55:02 +0000 2022
189,1540567496754970625,"RT @satskeeper: Is it just me or did Satoshi, in a sly roundabout way, turn saving into an inalienable human right across all jurisdictions‚Ä¶",Sat Jun 25 05:28:08 +0000 2022,Dr. Karl bitcoind-datadir=Tw1tt3r/‚àû/21M,karl_21m,316644408,Deutschland,1336,1848,False,2057,Mon Jun 13 19:12:05 +0000 2011
190,1540567859541442560,RT @CWA_warriors: üéØ #MEMECONTEST üì∏  ü•á1st: 100 usd ü•à2nd: 60 usd ü•â3rd: 30 usd  1Ô∏è‚É£ Follow @CWA_warriors 2Ô∏è‚É£ Like RT   Tag 3 friends 3Ô∏è‚É£ Join‚Ä¶,Sat Jun 25 05:29:34 +0000 2022,Crypto Afridi ü´∂,CryptoAfridi,1388074304982732804,Discord: CryptoAfridiTG#5725,53,804,False,1396,Fri Apr 30 10:14:55 +0000 2021
191,1540567859486769153,"RT @BitcoinFear: Bitcoin Fear and Greed Index is 14 ~ Extreme Fear Current price: $21,255 https://t.co/Y8F8XAIpy8",Sat Jun 25 05:29:34 +0000 2022,CryPtoNews,pto_news,1398499947553726465,Around the world,47,104,False,4935,Sat May 29 04:44:17 +0000 2021
192,1540567857729114112,"@CharlesSchwab That baby be sayin: Buy the Fu¬¢K1ng dip, dad! Bitcoin only",Sat Jun 25 05:29:34 +0000 2022,guetvox,guetvox,15716796,"United Place, USA",123,1110,False,837,Mon Aug 04 01:39:22 +0000 2008
193,1540567850104274946,"RT @CryptoBusy: We‚Äôve been loving giving back to the #crypto community in 2022 so far, so let‚Äôs make a fun new bet! üöÄ  If #Bitcoin¬†doesn‚Äôt‚Ä¶",Sat Jun 25 05:29:32 +0000 2022,ùïµùïÆüî±,_JcDProfessor,1182325431262838784,Republic of the Philippines,278,4991,False,47046,Thu Oct 10 16:02:11 +0000 2019
194,1540567847193264128,"RT @CryptoWhale: #Bitcoin maximalists spent the last 10+ years predicting a recession, claiming it would cause Bitcoin to shoot to millions‚Ä¶",Sat Jun 25 05:29:31 +0000 2022,Knuth,Knuth_ro,1460690646155595781,Romania,76,265,False,2001,Tue Nov 16 19:26:23 +0000 2021
195,1540567836866891776,"RT @rovercrc: Everyone who will wait to buy #Bitcoin below $10,000 will end up buying $BTC above $100,000.",Sat Jun 25 05:29:29 +0000 2022,King‚ù§ü§≤ü•∫,dennnnis_king,1246441702048641025,Machakos,2275,4827,False,1656,Sat Apr 04 14:17:27 +0000 2020
196,1540567831795875841,RT @refs4me: #betfury is one of the top #bitcoin casinos - You can get daily #cash back simply holding #bfgtoken in your account wallet.  #‚Ä¶,Sat Jun 25 05:29:28 +0000 2022,OBiCAL,iamobical,1255767313888030721,Hip Hop/Rap,195,172,False,222,Thu Apr 30 07:54:17 +0000 2020
197,1540567829941932032,@WHALEGEMS1000X @AltGemHunter @PeakyInu @1goonrich @AltCryptoGems Follow @Inv016 For best bitcoin charts n Updates,Sat Jun 25 05:29:27 +0000 2022,Bellybella,Bellybellaster,1516125021416026112,,53,918,False,44,Mon Apr 18 18:42:39 +0000 2022
198,1540567822040014848,#Bitcoin soon üòé https://t.co/XKkgc3nN5H,Sat Jun 25 05:29:25 +0000 2022,Foxy Cuddler,foxycuddels,1227346800526417922,,44264,180,False,1222,Tue Feb 11 21:41:57 +0000 2020
199,1540567818651193344,"RT @KapitalDAO: Peter Brandt predicted 2018's crypto winter. If #Bitcoin doesn't reach $32,000, he says it might fall below $13,000.  Brand‚Ä¶",Sat Jun 25 05:29:24 +0000 2022,alter ego,crayush7op,1494962944278339584,,12,103,False,308,Sat Feb 19 09:12:04 +0000 2022
200,1540567815509676032,@AltGemHunter @Starbots_game @PeakyInu PeakyInu  TO the  fucking koon @1goonrich @AltCryptoGems  #Peakyinu‚Ä¶ https://t.co/6EFOLHsE5o,Sat Jun 25 05:29:24 +0000 2022,WHALE GEMS,WHALEGEMS1000X,1522770556717867008,,57,39,False,108,Sat May 07 02:49:36 +0000 2022
201,1540567800435064832,Bitcoin gearing up for some move imo,Sat Jun 25 05:29:20 +0000 2022,Commander Seabass ‚¨°,StrictlySeabass,1283878147549622272,The Sea,219,399,False,3023,Thu Jul 16 21:36:40 +0000 2020
202,1540567796970430465,RT @BTC_Archive: üí•BINANCE CEO: The number one value of #Bitcoin is that it has a limited supply.,Sat Jun 25 05:29:19 +0000 2022,üáÆüá© üá¶üá∫ ‚Çø ‚Ç≥ ‚ìã üü£ wendysa.btc,wendysa85396804,1105092959584706560,Bali  Island (GMT+8),974,4987,False,51362,Mon Mar 11 13:07:48 +0000 2019
203,1540567794714017792,Success is not always what you see. @MauriceHoefgen  #Bitcoin https://t.co/6F5BEcTQWf,Sat Jun 25 05:29:19 +0000 2022,Henry Jackson,hnryjksn,1501948475746836492,Emskirchen ,390,533,False,805,Thu Mar 10 15:50:19 +0000 2022
204,1540567790406565888,"RT @HEXcryptoo: üö® https://t.co/0Uw8WEaGXg is here! For all HEX holders, we've launched a big community AirDrop.  üî•The more you hold, the mo‚Ä¶",Sat Jun 25 05:29:18 +0000 2022,arif rashdi,gamaerzz,852718512,,36,133,False,934,Sat Sep 29 11:46:33 +0000 2012
205,1540567788376526848,RT @refs4me: #adsterra is one of the top #advertising networks and allows you to buy ads on tens of thousands of sites.  Earn #bitcoin and‚Ä¶,Sat Jun 25 05:29:17 +0000 2022,OBiCAL,iamobical,1255767313888030721,Hip Hop/Rap,195,172,False,222,Thu Apr 30 07:54:17 +0000 2020
206,1540567786631888896,@CutieBabeGem15 @PeakyInu PeakyInu  TO the  fucking koon @1goonrich @AltCryptoGems  #Peakyinu #peakygem‚Ä¶ https://t.co/VSTvPVOf7V,Sat Jun 25 05:29:17 +0000 2022,WHALE GEMS,WHALEGEMS1000X,1522770556717867008,,57,39,False,108,Sat May 07 02:49:36 +0000 2022
207,1540567783989137408,@Chris01225 @Ken72301226 @RobertKalish @VitalikButerin @songadaymann Follow @Inv016 For best bitcoin charts n Updates,Sat Jun 25 05:29:16 +0000 2022,Bellybella,Bellybellaster,1516125021416026112,,53,918,False,44,Mon Apr 18 18:42:39 +0000 2022
208,1540567783737524224,"RT @Rhian_Pw: Buy #Bitcoin, you will thank me 3 years from now.",Sat Jun 25 05:29:16 +0000 2022,Dobie_Superface,Dobie_Superface,1489352571995230209,,95,154,False,651,Thu Feb 03 21:38:36 +0000 2022
209,1540567783397793792,"RT @DarinFeinstein: Transaction Fee FUD  The #Bitcoin Network is performing as designed  #Bitcoin tsx fees  2011 $29,960 2012 $64,400 2013‚Ä¶",Sat Jun 25 05:29:16 +0000 2022,Especulator,StackGratefully,1252453223673274368,Bitcoin Citizen,148,1278,False,2315,Tue Apr 21 04:25:49 +0000 2020
210,1540567782164762624,Ethereum will FLIP Bitcoin   CARDANO to be #1¬†Crypto! https://t.co/e4WPWlbLDS,Sat Jun 25 05:29:16 +0000 2022,‚ö°Buy #Bitcoin & Chill ‚ö°,usd2btc,912174747416330240,Decentralized,1301,1804,False,65927,Mon Sep 25 04:39:41 +0000 2017
211,1540567778729627648,#Bitcoin is not confirming it's movement right now if it touches 22k it's gonna pump hardly and atm 21.1k is reject‚Ä¶ https://t.co/w7pwRP9zg7,Sat Jun 25 05:29:15 +0000 2022,Sherdill,SherdillMalik,148806204,ÿßÿ≥ŸÑÿßŸÖ€å ÿ±€åÿßÿ≥ÿ™ Ÿæÿß⁄©ÿ≥ÿ™ÿßŸÜ,1016,27,False,46856,Thu May 27 17:06:09 +0000 2010
212,1540567774770401281,RT @turaxtoken: Take part info  our #Airdrop  Our listing i≈ü coming soon. In July! Get ahead of everyone and earn some tokens. #Turax #Cryp‚Ä¶,Sat Jun 25 05:29:14 +0000 2022,Spurtualis_0x ‚ñ†‚ñ° ü§™,Spurtualis_0x,1414909207833243657,Pickaw,102,1774,False,9105,Tue Jul 13 11:27:46 +0000 2021
213,1540567769560776705,Pretty much nothing in the news about this. I guess they don't want to give anyone any ideas now that it's spreadin‚Ä¶ https://t.co/UroScC7svP,Sat Jun 25 05:29:13 +0000 2022,‚ö°TheDemonsNameIsSurveillance,BitcoinDemiurge,1422853259853717505,Citadel,420,692,False,706,Wed Aug 04 09:34:07 +0000 2021
214,1540567763705528321,@Emillgrisolia Yeah I stayed up for something else but also didn‚Äôt sleep and watch Bitcoin on phone. It‚Äôs basically‚Ä¶ https://t.co/Pg8aDxxCwB,Sat Jun 25 05:29:11 +0000 2022,MURO,MuroCrypto,230206137,Not financial advice,225866,554,False,17592,Fri Dec 24 16:05:30 +0000 2010
215,1540567761306279936,RT @BitcoinMagazine: #Bitcoin is freedom money https://t.co/pYadZdCKPi,Sat Jun 25 05:29:11 +0000 2022,V.ŒûTH,vichenhao,902450228317396992,,192,453,False,1228,Tue Aug 29 08:37:55 +0000 2017
216,1540567758005342208,"RT @SlingShotOn: When #Bitcoin reaches $40,000 again ( I know we are in a bear market right now)  I will buy a full computer gaming/crypto‚Ä¶",Sat Jun 25 05:29:10 +0000 2022,good day || free tag ‡≠ß‚ç§‚Éùüå†,glorygoldencity,1512677662308724739,search happiness,92,1244,False,4724,Sat Apr 09 06:24:03 +0000 2022
217,1540567753681010688,RT @skwp: . @GoldmanSachs should buy $2B of bitcoin instead of a failed crypto lender. This is financial advice. I am available for CFO and‚Ä¶,Sat Jun 25 05:29:09 +0000 2022,Mike,ApeDegenCrypt,1516940148528730114,,292,1027,False,18301,Thu Apr 21 00:41:38 +0000 2022
218,1540567730503294976,RT @DaikiFintech: DFTC is all about Fintech and one must grab the opportunity to understand its importance to their benefits! ‚ö° ___ Know mo‚Ä¶,Sat Jun 25 05:29:03 +0000 2022,kishor Singh shekhawat,kishorsingh44,1151059436498087936,"Jaipur, India",178,62,False,961,Tue Jul 16 09:22:10 +0000 2019
219,1540567728364322816,RT @stackhodler: Putin just gave a speech with massive implications for #Bitcoin and global macro.  We won't read a word of it in Western m‚Ä¶,Sat Jun 25 05:29:03 +0000 2022,DeFi-ant,MwitiGitosh,792353756,"Nairobi, Kenya",420,891,False,5893,Thu Aug 30 20:38:35 +0000 2012
220,1540567727001292801,RT @FlylightsTech: üî•NOW ON PRESALEüî•  #presale stage 3 is running out fast. 91% complete. Don't miss the opportunity to buy early.  üî¥ Stage‚Ä¶,Sat Jun 25 05:29:03 +0000 2022,Muricendis,muricendis,1053317893490987008,"Lagos, Nigeria",122,544,False,794,Fri Oct 19 16:12:10 +0000 2018
221,1540567725663207424,RT @Giveawayquinn: $60 | 360 mins  ‚è∞  RT ‚Ä¢ LIKE ‚Ä¢ FOLLOW  @Nftdunyas1 @Giveawayquinn  #Bitcoin #NFTGiveaway #NFTCommunity #NFTshill,Sat Jun 25 05:29:02 +0000 2022,NFT- Koala,NFTK0ala,1539955298504433665,,220,16,False,9,Thu Jun 23 12:55:33 +0000 2022
222,1540567722626793472,RT @pete_rizzo_: ‚ú® El Salvador President announcing national #Bitcoin giveaway exactly 1 year ago.   The largest-ever distribution of free‚Ä¶,Sat Jun 25 05:29:02 +0000 2022,Crypto Relevant,crypto_relevant,1341432875208429568,Global,385,568,False,2886,Tue Dec 22 17:18:26 +0000 2020
223,1540567721766801408,"@saylor If someone absolutely new come in  to crypto and wanna invest,it will be never bitcoin....i pleased someone‚Ä¶ https://t.co/24AQzHNfZz",Sat Jun 25 05:29:01 +0000 2022,Saitama Sakatoshi,saitatoshi,1525065849605967878,#Naturwissenschaft #Familie ,209,191,False,172,Fri May 13 10:50:40 +0000 2022
224,1540567719489191938,"RT @coryklippsten: The best way to buy bitcoin for anyone with steady cash inflow is via an Automatic Recurring Purchase Plan, (aka ‚ÄúAuto-D‚Ä¶",Sat Jun 25 05:29:01 +0000 2022,Aldo,aldom92,147043669,TX,2982,1868,False,74182,Sun May 23 02:20:41 +0000 2010
225,1540567717526310912,@bitcoin_is_hope @SBF_FTX Having been does though,Sat Jun 25 05:29:00 +0000 2022,DonAlt,CryptoDonAlt,878219545785372673,,410886,448,False,26050,Fri Jun 23 11:53:51 +0000 2017
226,1540567711511564288,RT @BitcoinBF: Let's give away some Bitcoin on this Friday. I'll randomly choose one person who Retweets this and send them $25 in BTC.  Mu‚Ä¶,Sat Jun 25 05:28:59 +0000 2022,nincha,xiamxchange,1488047265801326595,"San Juan La Union, Philippines",248,1007,False,3016,Mon Jan 31 07:11:45 +0000 2022
227,1540567711255736320,RT @Nneuman: Get ready for years of bankruptcy proceedings before any customers receive even a fraction of the bitcoin they held at Celsius‚Ä¶,Sat Jun 25 05:28:59 +0000 2022,Mike,ApeDegenCrypt,1516940148528730114,,292,1027,False,18301,Thu Apr 21 00:41:38 +0000 2022
228,1540567703064543232,RT @turaxtoken: Take part info  our #Airdrop  Our listing i≈ü coming soon. In July! Get ahead of everyone and earn some tokens. #Turax #Cryp‚Ä¶,Sat Jun 25 05:28:57 +0000 2022,ilycmdv üôèüèºüçÄ,ilycmdv,1332896452918448130,Philippines,258,1508,False,72922,Sun Nov 29 03:57:46 +0000 2020
229,1540567702632386560,"RT @MotorUp2: Yo. #Crypto fool. Time to jump onboard #xRhodium,#XRC. Get off your #Bitcoin butt and do some research.  https://t.co/C6dqKwV‚Ä¶",Sat Jun 25 05:28:57 +0000 2022,Trader,XRCHolder,1432440407925874690,,21,74,False,1334,Mon Aug 30 20:30:04 +0000 2021
230,1540567680100474880,@kirakfw I lost my coinbase wallet with my bitcoin and meta mask + I need a sugar mommy + I need a sugar daddy + he‚Ä¶ https://t.co/YBTyI4U4wZ,Sat Jun 25 05:28:51 +0000 2022,austin,jelqenthusiast,1531367613091270656,,12,86,False,19,Mon May 30 20:11:21 +0000 2022
231,1540567676447502336,"RT @KapitalDAO: The price of bitcoin fell below $20,000, a figure closely watched by cryptocurrency aficionados, as a violent selloff in cr‚Ä¶",Sat Jun 25 05:28:51 +0000 2022,alter ego,crayush7op,1494962944278339584,,12,103,False,308,Sat Feb 19 09:12:04 +0000 2022
232,1540567668126007296,@SharksCoins @PeakyInu PeakyInu  TO the  fucking koon @1goonrich @AltCryptoGems  #Peakyinu #peakygem #Peakymoonshot‚Ä¶ https://t.co/EvqVKRKtwg,Sat Jun 25 05:28:49 +0000 2022,WHALE GEMS,WHALEGEMS1000X,1522770556717867008,,57,39,False,108,Sat May 07 02:49:36 +0000 2022
233,1540567663142875136,RT @FlylightsTech: #Flylights FL104 #deliverydrone  Nature Friendly The FL 104‚Äôs upper section provides approximately 10% energy saving on‚Ä¶,Sat Jun 25 05:28:47 +0000 2022,MD Mazaharul Islam,MDMazah51375902,1382547357762392068,"Dhaka, Bangladesh",53,1384,False,3137,Thu Apr 15 04:12:47 +0000 2021
234,1540567641433292801,RT @YoloOptions: @TomerStrolight Out of these 7 traits of Money.  Bitcoin scores 6 Gold 4 Fiat 2 https://t.co/ctn5mnmIZS,Sat Jun 25 05:28:42 +0000 2022,Darth Bitcoin,markredtally,501107984,,171,1179,False,734,Thu Feb 23 20:08:20 +0000 2012
235,1540567639072055296,@Dennis_Porter_ #Bitcoin will win either way,Sat Jun 25 05:28:42 +0000 2022,T,T80Davenport,964005280605290497,,121,225,False,4074,Thu Feb 15 05:15:44 +0000 2018
236,1540567631627014144,RT @BitcoinMagazine: Forbes: #Bitcoin can help solve the world's income inequality problem,Sat Jun 25 05:28:40 +0000 2022,abduls hamad,HamadAbduls,1090392123646590977,,76,242,False,14353,Tue Jan 29 23:31:55 +0000 2019
237,1540567631387889666,Before claiming crypto is a fad do 30 hours of research  Really isn‚Äôt that long  Start off w reading the Bitcoin st‚Ä¶ https://t.co/10ScoUiV8n,Sat Jun 25 05:28:40 +0000 2022,Michael Hage,michaelhage14,752005031226990593,,310,413,False,771,Sun Jul 10 05:02:25 +0000 2016
238,1540567631375511553,@CutieBabeGem15 @jiaeri88 @Crypto_Babe15 @PeakyInu PeakyInu  TO the  fucking koon @1goonrich @AltCryptoGems‚Ä¶ https://t.co/1NqZddvwzM,Sat Jun 25 05:28:40 +0000 2022,WHALE GEMS,WHALEGEMS1000X,1522770556717867008,,57,39,False,108,Sat May 07 02:49:36 +0000 2022
239,1540567629374554113,"59,088 #BitcoinCash #BCH (6,617,817 USD) transferred with 0.0002 USD TX fee  $BCH TX: https://t.co/k67dANKBR9",Sat Jun 25 05:28:39 +0000 2022,WhaleAlertBCH,WhaleAlertBch,1279071043118915584,,9351,26,False,14772,Fri Jul 03 15:15:08 +0000 2020
240,1540567625985564672,The #Bitcoin market might be 'down' but us HODLers are out there holding the line and styling our statement üòé https://t.co/iOH5c9sPGK,Sat Jun 25 05:28:39 +0000 2022,Merchandise IX,MERCH_IX,909779700788101122,The Blockchain,661,418,False,536,Mon Sep 18 14:02:38 +0000 2017
241,1540567624995999744,"RT @SlingShotOn: When #Bitcoin reaches $40,000 again ( I know we are in a bear market right now)  I will buy a full computer gaming/crypto‚Ä¶",Sat Jun 25 05:28:38 +0000 2022,chaa üê£ ‚Ä¢ kinda ia,bbyysugarrr,1386294280688332805,(she/her)  ‚Ä¢  #ÏïÑÏä§Ìä∏Î°ú,3698,2322,False,113450,Sun Apr 25 12:21:36 +0000 2021
242,1540567622777028609,"RT @HukAleksandra: It‚Äôs the year 2030, Bitcoin crashed from $1.8M to $980k  The media: #Bitcoin is dead",Sat Jun 25 05:28:38 +0000 2022,FalaksherBaloch,BinanceWorld2,1451967336819351554,,21,103,False,1232,Sat Oct 23 17:43:01 +0000 2021
243,1540567622319734786,"53,422 #BitcoinCash #BCH (5,983,225 USD) transferred with 0.0002 USD TX fee  $BCH TX: https://t.co/UcH6eS6mXn",Sat Jun 25 05:28:38 +0000 2022,WhaleAlertBCH,WhaleAlertBch,1279071043118915584,,9351,26,False,14772,Fri Jul 03 15:15:08 +0000 2020
244,1540567622131105797,"@WhaleInfos @RealFlokiInu @BabyDogeCoin @bitgertbrise @EverRise #BitgertArmy ü•∑üèº  ‚û° Its A New Week, Are You Ready Fo‚Ä¶ https://t.co/EJB7EovGcm",Sat Jun 25 05:28:38 +0000 2022,Mahdirazavi,Mahdirazavi2012,490312191,usa,58,52,False,20473,Sun Feb 12 12:42:09 +0000 2012
245,1540567617433473024,Saddle‚Ä§Finance Creates New Standards for DeFi Trading https://t.co/SpDZl72SG6,Sat Jun 25 05:28:37 +0000 2022,Crypto Tom,CryptoTomBD,1107645458116009984,Earth,131,527,False,854,Mon Mar 18 14:10:31 +0000 2019
